City ID,City,Country,Lat,Lng,Temperature,Humidity,Clouds,Wind Speed
3366880,Hermanus,ZA,-34.42,19.23,66.0,58,46,4.0
6170031,Tuktoyaktuk,CA,69.45,-133.04,23.0,85,90,8.05
7601762,Bairiki Village,KI,1.33,172.98,82.4,83,20,4.7
2206939,Bluff,NZ,-46.6,168.33,47.08,89,45,8.57
2160517,Launceston,AU,-41.45,147.17,44.67,93,13,8.05
1283285,Jumla,NP,29.27,82.18,55.15,46,0,2.75
2449893,Tessalit,ML,20.2,1.01,106.47,7,55,11.21
3451138,Rio Grande,BR,-32.03,-52.1,72.14,40,0,11.41
964420,Port Elizabeth,ZA,-33.92,25.57,64.4,55,75,8.05
3899695,Ancud,CL,-41.87,-73.82,57.06,82,75,9.17
5924351,Clyde River,CA,70.47,-68.59,19.4,100,90,3.36
1047660,Cuamba,MZ,-14.8,36.54,72.54,36,0,6.4
3874787,Punta Arenas,CL,-53.15,-70.92,39.09,93,75,5.82
5122534,Jamestown,US,42.1,-79.24,56.32,93,75,4.7
1282256,Hithadhoo,MV,-0.6,73.08,85.39,76,95,18.59
3985710,Cabo San Lucas,MX,22.89,-109.91,74.3,43,5,7.72
3466165,Cidreira,BR,-30.18,-50.21,66.11,51,0,14.09
1488903,Turukhansk,RU,65.82,87.98,43.45,89,100,16.89
6111862,Port Hardy,CA,50.7,-127.42,53.6,81,90,16.11
5855927,Hilo,US,19.73,-155.09,67.6,68,90,3.36
3438102,Fuerte Olimpo,PY,-21.04,-57.87,80.19,31,0,1.41
1507390,Dikson,RU,73.51,80.55,29.35,97,87,11.21
6185377,Yellowknife,CA,62.46,-114.35,28.4,63,75,16.11
3665202,Aripuanã,BR,-9.17,-60.63,85.05,64,44,4.0
2123836,Lazarev,RU,52.23,141.51,33.08,98,100,14.12
2318921,Wukari,NG,7.85,9.78,94.87,47,65,7.92
3516171,Barra de Tecoanapa,MX,16.52,-98.75,86.88,50,0,3.71
2025630,Chara,RU,56.91,118.26,41.59,81,100,2.55
3652764,Puerto Ayora,EC,-0.74,-90.35,78.3,74,20,8.05
1862352,Hitoyoshi,JP,32.22,130.75,69.01,100,100,5.01
3416888,Grindavik,IS,63.84,-22.43,46.4,42,0,14.99
2063039,Port Keats,AU,-14.25,129.55,81.25,50,100,6.64
1275050,Burla,IN,21.5,83.87,94.37,25,60,4.0
4034188,Moerai,PF,-22.43,-151.33,80.13,83,49,18.37
2063523,Perth,AU,-31.93,115.83,60.26,72,58,9.17
1562414,Vung Tau,VN,10.35,107.08,83.82,77,90,10.76
3424607,Tasiilaq,GL,65.61,-37.64,39.2,60,20,12.75
4030556,Rikitea,PF,-23.12,-134.97,75.56,86,100,17.29
3374083,Bathsheba,BB,13.22,-59.52,86.0,66,75,21.92
3430863,Mar del Plata,AR,-38.0,-57.56,73.4,46,0,12.75
2270385,Camacha,PT,33.08,-16.33,66.2,52,75,11.41
3407762,Amapá,BR,1.0,-52.0,82.22,87,83,3.87
1485286,Zelenoborsk,RU,61.47,64.03,56.34,38,88,2.53
2255564,Ouésso,CG,1.61,16.05,86.99,60,96,1.41
3831208,Qaanaaq,GL,77.48,-69.36,30.81,93,0,1.83
2264923,Peniche,PT,39.36,-9.38,70.34,64,2,8.01
2155415,New Norfolk,AU,-42.78,147.06,46.87,83,19,3.8
2110227,Butaritari,KI,3.07,172.79,83.34,74,18,10.33
2134814,Sola,VU,-13.88,167.55,80.58,81,100,18.61
3833367,Ushuaia,AR,-54.8,-68.3,39.2,93,75,4.7
4047434,Russell,US,32.35,-85.2,74.97,64,1,5.82
5063646,Beatrice,US,40.27,-96.75,63.9,77,90,6.93
240210,Birao,CF,10.28,22.79,99.01,27,5,2.77
3466704,Castro,BR,-24.79,-50.01,66.72,49,0,6.13
4032243,Vaini,TO,-21.2,-175.2,66.2,93,40,3.36
3372707,Ribeira Grande,PT,38.52,-28.7,64.4,93,75,12.75
5870133,Nome,US,64.5,-165.41,48.67,53,90,3.69
4020109,Atuona,PF,-9.8,-139.03,80.46,74,1,14.09
5106841,Albany,US,42.6,-73.97,65.1,56,12,1.99
2112309,Katsuura,JP,35.13,140.3,65.21,94,75,3.36
53157,Qandala,SO,11.47,49.87,90.09,51,0,3.29
5866583,Saint Paul Harbor,US,57.79,-152.41,46.4,87,90,3.36
1636022,Martapura,ID,-3.42,114.85,77.97,93,100,2.51
2123814,Leningradskiy,RU,69.38,178.42,22.15,97,48,2.66
935215,Saint-Philippe,RE,-21.36,55.77,72.27,78,90,6.93
942511,Vryburg,ZA,-26.96,24.73,70.2,24,0,1.23
986717,Kruisfontein,ZA,-34.0,24.73,58.06,69,95,3.53
3471451,Arraial do Cabo,BR,-22.97,-42.03,75.2,73,40,9.17
2013465,Verkhoyansk,RU,67.54,133.38,39.56,82,100,4.09
3380290,Sinnamary,GF,5.38,-52.95,81.34,85,98,10.36
2122605,Okhotsk,RU,59.38,143.3,36.91,84,95,7.4
4035715,Avarua,CK,-21.21,-159.78,77.0,78,40,14.99
1649150,Bengkulu,ID,-3.8,102.27,79.32,84,87,3.78
189741,Lamu,KE,-2.27,40.9,80.11,79,3,15.1
3355672,Lüderitz,NA,-26.65,15.16,84.2,32,0,8.05
2016735,Sherlovaya Gora,RU,50.57,116.25,48.06,93,100,7.14
1006984,East London,ZA,-33.02,27.91,66.2,55,21,6.93
2082539,Merauke,ID,-8.47,140.33,78.58,82,6,18.1
3440777,Rocha,UY,-34.48,-54.33,70.23,55,0,13.73
1505466,Isetskoye,RU,56.49,65.32,58.93,69,63,6.82
2163355,Hobart,AU,-42.88,147.33,49.37,66,5,10.29
2122090,Pevek,RU,69.7,170.31,26.89,90,0,4.85
6165406,Thompson,CA,55.74,-97.86,44.6,45,75,11.41
4301317,Morehead,US,37.27,-87.18,73.63,78,75,8.57
1785036,Zhangye,CN,38.93,100.45,68.94,21,0,2.55
3369157,Cape Town,ZA,-33.93,18.42,65.44,45,35,6.93
4465088,Elizabeth City,US,36.29,-76.25,77.76,61,1,11.41
2012530,Zhigansk,RU,66.77,123.37,39.4,88,28,8.28
5848280,Kapaa,US,22.08,-159.32,70.88,88,40,11.41
5367788,Lompoc,US,34.64,-120.46,55.44,87,1,6.93
3449340,São Borja,BR,-28.66,-56.0,66.27,47,0,5.64
2455456,kimparana,ML,12.83,-4.92,103.95,20,100,4.27
2075265,Busselton,AU,-33.65,115.33,49.06,50,24,8.32
1528998,Yumen,CN,40.28,97.2,73.18,17,0,9.08
5880054,Barrow,US,71.29,-156.79,24.8,79,90,10.29
1513491,Yangi Marg`ilon,UZ,40.43,71.72,62.6,67,100,6.93
4034496,Fare,PF,-16.7,-151.02,82.62,75,22,8.81
2094027,Kieta,PG,-6.22,155.63,80.04,79,26,2.71
2348595,Azare,NG,11.68,10.19,104.83,17,19,4.9
1488933,Turinsk,RU,58.05,63.7,55.56,80,89,6.24
174448,Abu Kamal,SY,34.45,40.92,99.5,12,0,9.93
8079926,Labuhan,ID,-6.88,112.21,79.92,87,100,7.61
3372964,Lagoa,PT,39.05,-27.98,65.32,86,97,16.89
3397763,Jacareacanga,BR,-6.22,-57.75,89.08,57,90,3.83
1516589,Zhezkazgan,KZ,47.8,67.71,64.69,52,40,3.51
245338,Am Timan,TD,11.03,20.28,104.83,16,39,5.23
934322,Mahébourg,MU,-20.41,57.7,77.0,78,20,6.4
2077895,Alice Springs,AU,-23.7,133.88,48.2,49,0,4.7
2644210,Liverpool,GB,53.41,-2.98,58.55,44,20,14.99
6201424,Mataura,NZ,-46.19,168.86,39.16,90,19,1.99
1510131,Beya,RU,53.05,90.91,59.43,64,99,7.49
964432,Port Alfred,ZA,-33.59,26.89,64.0,77,26,1.01
2400547,Gamba,GA,-2.65,10.0,84.18,75,27,10.49
2022572,Khatanga,RU,71.97,102.5,32.56,96,53,10.94
3458266,Macaé,BR,-22.37,-41.79,75.2,73,40,9.17
4231997,Avera,US,33.19,-82.53,75.42,65,40,6.93
5557293,Sitka,US,57.05,-135.33,46.4,87,20,2.64
2017155,Saskylakh,RU,71.92,114.08,33.37,95,100,2.84
1168700,Ormara,PK,25.21,64.64,82.63,74,0,15.66
162158,Baharly,TM,38.44,57.43,81.82,22,35,4.85
1619423,Bang Lamung,TH,13.05,100.93,88.97,66,20,10.29
3445026,Vila Velha,BR,-20.33,-40.29,71.29,83,90,3.36
1708743,Kinablangan,PH,7.69,126.55,80.64,80,100,1.32
3939761,Hualmay,PE,-11.1,-77.61,69.37,70,9,7.29
4149635,Callaway,US,30.15,-85.57,79.45,73,1,12.75
2180815,Tuatapere,NZ,-46.13,167.68,44.28,87,1,3.36
3374210,São Filipe,CV,14.9,-24.5,74.64,73,48,9.6
123941,Mīnāb,IR,27.15,57.08,93.2,49,20,6.93
2171099,Codrington,AU,-38.27,141.97,44.08,75,10,6.22
4036284,Alofi,NU,-19.06,-169.92,77.0,78,92,8.05
3172394,Naples,IT,40.83,14.25,89.53,29,100,11.41
2264557,Ponta do Sol,PT,32.67,-17.1,64.69,48,40,5.82
5911745,Burns Lake,CA,54.23,-125.75,49.28,61,100,2.35
3385658,Uruçuí,BR,-7.23,-44.56,88.25,51,94,7.9
2961459,Skibbereen,IE,51.55,-9.27,55.4,58,75,5.82
1817968,Anshun,CN,26.25,105.93,64.35,78,100,6.69
3430708,Mercedes,AR,-34.65,-59.43,73.0,41,4,1.99
1045114,Inhambane,MZ,-23.86,35.38,80.6,51,3,4.7
3533462,Acapulco de Juárez,MX,16.86,-99.89,80.6,51,5,4.7
1328421,Pathein,MM,16.78,94.73,85.05,68,100,7.92
2020584,Magistral'nyy,RU,56.17,107.45,37.8,77,0,4.68
6167817,Torbay,CA,47.67,-52.73,44.44,70,75,5.82
3418910,Upernavik,GL,72.79,-56.15,30.34,97,63,14.29
5972762,Hay River,CA,60.82,-115.8,33.8,93,90,4.7
3855075,General Pico,AR,-35.66,-63.76,75.22,28,0,7.7
2136825,Isangel,VU,-19.55,169.27,71.55,84,19,9.28
2063042,Port Hedland,AU,-20.32,118.57,71.6,15,4,8.05
2729907,Longyearbyen,SJ,78.22,15.64,39.2,55,0,3.06
1525798,Balkhash,KZ,46.84,74.98,66.24,50,100,3.96
2318123,Yenagoa,NG,4.92,6.26,88.34,67,94,9.15
1581130,Hanoi,VN,21.02,105.84,82.4,83,75,11.41
1623197,Tual,ID,-5.67,132.75,83.53,80,90,22.73
1626542,Sorong,ID,-0.88,131.25,82.8,82,94,10.22
3668605,Santa Marta,CO,11.24,-74.2,86.0,64,100,8.32
286621,Salalah,OM,17.02,54.09,87.8,74,40,11.41
1696188,Palauig,PH,15.44,119.9,83.35,69,5,3.42
2092164,Lorengau,PG,-2.02,147.27,83.01,79,71,7.7
4459343,Carrboro,US,35.91,-79.08,78.21,64,16,5.21
3948613,Acarí,PE,-15.43,-74.62,75.63,47,48,6.46
3579925,St. George's,GD,12.06,-61.75,86.0,70,20,17.22
4035249,Lufilufi,WS,-13.87,-171.6,80.01,94,45,3.0
341877,Bodītī,ET,6.97,37.87,66.36,84,21,5.17
2212775,Sabha,LY,27.04,14.43,102.25,7,0,3.2
1259385,Port Blair,IN,11.67,92.75,83.46,79,100,14.76
3456277,Nobres,BR,-14.72,-56.33,80.11,59,0,5.23
777019,Vardø,NO,70.37,31.11,41.0,75,75,14.99
108410,Riyadh,SA,24.69,46.72,102.2,11,41,9.17
1648082,Boyolangu,ID,-8.12,111.89,77.94,88,100,7.2
3904906,Santa Cruz de la Sierra,BO,-17.8,-63.17,74.52,50,64,8.05
5969025,Haines Junction,CA,60.75,-137.51,46.24,65,86,2.66
1855363,Nirasaki,JP,35.7,138.45,59.0,98,100,1.72
2209055,Waddān,LY,29.16,16.14,104.16,7,0,15.28
2388614,Boda,CF,4.32,17.47,87.51,64,61,2.04
77408,Bajil,YE,15.06,43.29,95.22,35,8,4.9
529368,Marfino,RU,55.7,37.38,57.2,44,41,8.95
2121025,Srednekolymsk,RU,67.45,153.68,38.88,77,0,6.04
6100069,Peace River,CA,56.25,-117.29,47.91,75,75,3.36
2629833,Husavik,IS,66.04,-17.34,42.8,52,75,21.92
1688781,City of San Pedro,PH,14.35,121.02,82.44,88,20,4.7
5546220,Saint George,US,37.1,-113.58,70.43,30,1,6.93
933995,Souillac,MU,-20.52,57.52,77.0,78,20,4.47
2126682,Bilibino,RU,68.05,166.44,24.87,86,0,5.68
1015776,Bredasdorp,ZA,-34.53,20.04,68.0,42,59,6.93
4513583,Hamilton,US,39.18,-84.53,64.58,100,90,4.7
3372472,Vila Franca do Campo,PT,37.72,-25.43,62.6,88,75,8.05
3985168,San Patricio,MX,19.22,-104.7,68.0,82,5,5.82
2255304,Sémbé,CG,1.65,14.58,88.41,55,80,0.2
1512019,Aksarka,RU,66.56,67.8,36.5,96,100,7.23
1819729,Hong Kong,HK,22.29,114.16,79.43,74,71,5.01
6182212,Williams Lake,CA,52.14,-122.14,44.6,81,75,9.17
1263997,Mahabalipuram,IN,12.63,80.17,89.31,70,40,9.17
2194098,Ahipara,NZ,-35.17,173.17,54.55,85,2,5.55
560646,Golovino,RU,55.96,40.43,52.54,70,64,5.97
3443061,Chui,UY,-33.7,-53.46,67.71,54,0,13.67
174776,Shatin,AM,39.84,45.3,69.4,45,13,8.19
2381334,Atar,MR,20.52,-13.05,92.61,14,0,11.01
1786060,Yuanping,CN,38.72,112.76,56.82,32,0,1.92
110690,Abhā,SA,18.22,42.51,76.05,31,40,8.05
4738723,Uvalde,US,29.37,-99.77,67.8,93,18,8.05
912628,Kasempa,ZM,-13.46,25.83,75.56,44,0,4.92
474470,Verkhnyaya Toyma,RU,62.23,45.0,52.32,43,7,2.46
2108857,Gizo Government Station,SB,-8.1,156.84,82.72,77,64,8.37
3405215,Bonfim,BR,3.08,-59.95,88.11,57,29,4.21
1242110,Kalmunai,LK,7.42,81.82,83.41,81,100,6.6
2334008,Kontagora,NG,10.4,5.47,99.72,34,45,2.3
3981391,Tomatlán,MX,19.93,-105.25,83.59,23,0,1.52
746628,Gölköy,TR,40.69,37.62,66.99,63,20,6.24
2324767,Potiskum,NG,11.71,11.07,103.66,16,45,2.44
5096699,Clifton,US,40.86,-74.16,68.25,55,20,9.17
1255744,Sonīpat,IN,28.98,77.02,94.57,20,0,5.82
5847411,Kahului,US,20.89,-156.47,68.59,77,1,6.93
1502526,Kormilovka,RU,55.0,74.1,73.4,28,60,13.42
4686163,Dickinson,US,29.46,-95.05,67.05,93,90,4.7
144448,Ahvāz,IR,31.32,48.67,105.8,12,0,4.7
1879613,Anju,KP,39.62,125.66,58.05,90,100,1.39
2735083,Rio Tinto,PT,41.18,-8.56,71.76,68,20,13.87
1078553,Ampanihy,MG,-24.7,44.75,67.03,59,4,9.01
2015306,Tiksi,RU,71.69,128.87,28.45,98,92,9.8
2643044,Margate,GB,51.38,1.39,59.32,51,100,1.01
3373652,Oistins,BB,13.07,-59.53,86.0,66,75,21.92
3129839,Aras,ES,42.56,-2.36,62.6,59,90,14.99
2101169,Aitape,PG,-3.14,142.35,80.08,81,100,7.78
2126123,Chokurdakh,RU,70.63,147.92,20.43,98,0,8.59
5563839,Fortuna,US,40.6,-124.16,56.05,81,90,9.17
2693759,Ludvika,SE,60.15,15.19,48.06,36,100,14.99
1514792,Gazojak,TM,41.19,61.4,80.46,21,9,4.03
287286,Muscat,OM,23.61,58.59,89.6,66,0,10.29
546105,Nikolskoye,RU,59.7,30.79,44.28,81,90,15.66
49747,Oddur,SO,4.12,43.89,82.99,61,12,13.44
3386213,Touros,BR,-5.2,-35.46,73.4,100,90,2.24
64814,Bandarbeyla,SO,9.49,50.81,84.97,75,0,25.66
2112802,Hasaki,JP,35.73,140.83,62.55,100,75,16.58
5282297,Bethel,US,41.37,-73.41,64.83,51,1,16.11
167357,Manbij,SY,36.53,37.95,95.0,19,47,6.93
2094342,Kavieng,PG,-2.57,150.8,83.17,82,39,13.22
4172445,Seminole,US,28.71,-81.21,80.26,69,90,16.11
5882953,Aklavik,CA,68.22,-135.01,26.6,86,90,10.29
2514651,Los Llanos de Aridane,ES,28.66,-17.92,64.47,60,75,11.41
2123628,Magadan,RU,59.57,150.8,36.55,82,88,10.04
1786855,Yatou,CN,37.15,122.38,61.18,91,61,14.76
1256705,Shāhpura,IN,27.38,75.97,96.8,20,20,3.36
3361934,Saldanha,ZA,-33.01,17.94,69.8,43,1,11.41
3347019,Mossamedes,AO,-15.2,12.15,84.2,62,0,13.87
3336897,La Rioja,ES,42.25,-2.5,62.6,59,90,14.99
3883457,Lebu,CL,-37.62,-73.65,59.23,84,84,2.33
2208248,Kaitangata,NZ,-46.28,169.85,48.0,77,0,4.68
1026014,Tete,MZ,-16.16,33.59,87.8,29,40,10.29
1139085,Jurm,AF,36.86,70.83,55.15,49,44,2.06
502185,Remontnoye,RU,46.56,43.65,57.2,100,40,6.71
1519938,Karatau,KZ,43.17,70.47,58.8,82,100,3.09
2161376,Kingaroy,AU,-26.53,151.83,56.64,87,5,6.93
4286717,Campbellsville,US,37.34,-85.34,72.28,64,40,7.74
5864145,Homer,US,59.64,-151.55,40.26,93,1,0.27
1495626,Pangody,RU,65.85,74.49,45.3,79,98,7.38
3347719,Luena,AO,-11.78,19.92,80.6,65,40,9.17
1502073,Krasnosel'kup,RU,65.7,82.47,46.94,96,100,2.8
4021858,Guerrero Negro,MX,27.98,-114.06,64.31,75,100,10.74
3932145,Pisco,PE,-13.7,-76.22,64.4,93,90,4.7
5952370,Fernie,CA,49.5,-115.07,45.55,75,75,5.82
2121385,Severo-Kuril'sk,RU,50.68,156.12,36.28,86,97,7.76
3662395,Santo Antônio do Içá,BR,-3.1,-67.94,74.05,98,100,2.04
1507679,Chulym,RU,55.1,80.96,60.06,56,73,7.18
2064735,Nhulunbuy,AU,-12.23,136.77,80.6,74,65,11.41
2020208,Markovo,RU,57.32,107.09,38.34,75,44,0.47
1709653,Kalawit,PH,8.07,122.52,81.64,79,36,1.9
3652758,Puerto Baquerizo Moreno,EC,-0.9,-89.6,77.0,88,20,10.29
225964,Wakiso,UG,0.4,32.46,77.0,78,20,5.82
765927,Lubartów,PL,51.46,22.61,59.0,41,31,12.75
3389353,Santarém,BR,-2.44,-54.71,77.0,100,75,6.93
296173,Yüksekova,TR,37.57,44.29,77.0,33,20,6.93
6089245,Norman Wells,CA,65.28,-126.83,28.4,63,75,5.82
4500920,Brigantine,US,39.41,-74.36,70.34,53,90,10.29
3356832,Henties Bay,NA,-22.12,14.28,64.99,79,0,5.01
1182872,Bhag,PK,29.04,67.82,97.57,9,0,10.63
2678210,Skara,SE,58.39,13.44,51.17,37,100,18.34
172515,Abu Samrah,SY,35.3,37.18,98.2,11,0,9.64
1581047,Ha Tinh,VN,18.33,105.9,78.71,77,20,5.95
1028434,Quelimane,MZ,-17.88,36.89,80.6,51,0,6.93
176146,Mbala,ZM,-8.84,31.37,68.94,72,4,5.5
780687,Berlevåg,NO,70.86,29.09,34.75,94,100,13.4
3761194,Miraflores,MX,19.22,-98.81,67.24,35,5,5.03
4391812,Independence,US,39.09,-94.42,65.89,82,90,11.41
3628473,San Cristobal,VE,7.77,-72.22,91.4,38,40,23.04
337405,Gambēla,ET,8.25,34.58,88.56,57,97,1.28
4034551,Faanui,PF,-16.48,-151.75,81.9,77,35,8.61
4470244,Havelock,US,34.88,-76.9,78.39,57,1,5.82
4297983,Lexington,US,37.99,-84.48,70.36,88,75,3.36
8010683,Porto Santo,PT,33.07,-16.34,66.2,52,75,11.41
88533,Awjilah,LY,29.11,21.29,101.12,8,0,11.12
5044290,Saint Anthony,US,45.02,-93.22,56.53,62,75,11.41
2021093,Kuytun,RU,54.34,101.5,44.11,56,100,4.9
4031574,Provideniya,RU,64.38,-173.3,35.33,80,21,12.44
2810284,Westerland,DE,54.91,8.3,55.4,62,10,17.22
2172880,Byron Bay,AU,-28.65,153.62,57.31,93,40,8.05
5150986,Conneaut,US,41.95,-80.55,59.14,77,1,5.82
778707,Mehamn,NO,71.04,27.85,34.97,91,100,14.16
2074865,Carnarvon,AU,-24.87,113.63,72.14,40,0,13.94
779622,Havøysund,NO,71.0,24.66,41.0,60,100,11.41
101312,Turaif,SA,31.67,38.66,95.0,13,85,13.87
5554428,Ketchikan,US,55.34,-131.65,48.9,93,90,4.7
2156643,Mount Gambier,AU,-37.83,140.77,39.2,93,1,3.69
1847947,Shingū,JP,33.73,135.98,63.64,93,100,1.12
3391412,Portel,BR,-1.94,-50.82,87.73,64,73,3.53
556268,Ostrovnoy,RU,68.05,39.51,33.76,92,97,4.92
1529376,Korla,CN,41.76,86.15,81.27,16,100,9.93
5861897,Fairbanks,US,64.84,-147.72,40.59,80,1,3.36
1490256,Talnakh,RU,69.49,88.4,37.4,80,99,29.08
551823,Kastornoye,RU,51.83,38.13,56.21,61,37,8.46
3421319,Nuuk,GL,64.18,-51.72,41.0,93,40,9.17
477940,Ust-Tsilma,RU,65.44,52.15,48.4,64,100,2.08
342190,Bichena,ET,10.45,38.2,70.2,37,91,9.13
3354071,Oranjemund,NA,-28.55,16.43,65.17,52,0,14.32
1855342,Nishihara,JP,26.18,127.76,78.13,88,75,8.05
3423146,Ilulissat,GL,69.22,-51.1,32.0,71,90,4.7
305681,Kumluca,TR,36.37,30.29,93.34,26,0,4.5
1506268,Gornopravdinsk,RU,60.05,69.9,58.14,51,84,4.76
3470338,Bataiporã,BR,-22.3,-53.27,71.55,63,0,3.06
3622716,Nicoya,CR,10.15,-85.45,81.45,79,75,3.36
3401845,Conceição do Araguaia,BR,-8.26,-49.26,84.02,77,36,3.11
3356264,Keetmanshoop,NA,-26.58,18.13,82.4,13,0,6.93
2074113,Collie,AU,-33.37,116.15,50.16,50,21,3.94
347634,Ţahţā,EG,26.77,31.5,107.69,10,43,10.29
3421719,Narsaq,GL,60.92,-46.05,51.8,25,75,18.34
3421193,Paamiut,GL,61.99,-49.67,38.97,83,100,5.03
513329,Ozinki,RU,51.18,49.68,55.83,54,100,6.6
5905393,Bonavista,CA,48.65,-53.11,39.99,82,0,1.99
1501377,Kungurtug,RU,50.6,97.52,50.36,58,98,2.46
884927,Mutoko,ZW,-17.4,32.23,70.57,32,0,8.19
3151942,Hommelvik,NO,63.41,10.79,40.96,80,75,8.05
1489401,Toora-Khem,RU,52.47,96.11,53.42,58,98,3.49
2360238,Gourcy,BF,13.22,-2.35,104.74,16,88,9.37
1106677,Bambous Virieux,MU,-20.34,57.76,76.51,78,20,6.73
921786,Mitsamiouli,KM,-11.38,43.28,86.0,58,20,21.92
3893629,Coquimbo,CL,-29.95,-71.34,55.4,87,0,8.05
686090,Asău,RO,46.43,26.4,61.0,54,30,2.17
1571058,Phan Thiet,VN,10.93,108.1,80.24,83,89,1.43
5962442,Goderich,CA,43.75,-81.72,50.67,83,92,7.61
5110365,Broome,US,42.25,-75.83,58.44,67,75,10.29
5193011,Hazleton,US,40.96,-75.97,61.77,59,90,8.05
3129371,Arroyo de la Encomienda,ES,41.61,-4.8,60.4,58,40,16.11
2253354,Dakar,SN,14.69,-17.44,78.8,65,0,16.11
962367,Richards Bay,ZA,-28.78,32.04,66.54,67,15,5.93
2456917,Goundam,ML,16.41,-3.67,107.64,7,68,11.39
935214,Saint-Pierre,RE,-21.34,55.48,73.06,78,90,6.93
1510689,Baykit,RU,61.67,96.37,48.69,51,100,5.53
3860443,Comodoro Rivadavia,AR,-45.87,-67.5,60.8,41,0,26.4
5686121,Whitefish,US,48.41,-114.34,44.64,93,90,3.36
2071860,Esperance,AU,-33.87,121.9,57.2,67,90,5.82
3520994,Puerto Escondido,MX,15.85,-97.07,82.4,88,5,4.7
2138555,Poum,NC,-20.23,164.02,74.35,76,100,13.22
2125906,Dukat,RU,62.55,155.55,29.03,98,100,2.75
1265025,Lātehār,IN,23.75,84.5,87.06,22,0,4.99
2278158,Buchanan,LR,5.88,-10.05,89.6,70,75,14.99
2016307,Solnechnyy,RU,50.72,136.63,38.44,79,81,9.48
1106643,Quatre Cocos,MU,-20.21,57.76,76.48,78,20,6.6
2347059,Birnin Kebbi,NG,12.45,4.2,106.74,19,15,4.0
6049515,Lanigan,CA,51.85,-105.03,53.13,56,0,9.31
3663503,Manicoré,BR,-5.81,-61.3,84.34,78,49,3.6
612652,Ochamchira,GE,42.71,41.47,70.74,64,99,7.96
585514,Yevlax,AZ,40.61,47.15,89.6,27,0,3.36
4993659,Garden City,US,42.33,-83.33,62.04,63,90,8.05
536518,Lebedyan',RU,53.02,39.17,59.0,33,40,11.18
1185210,Gaurnadi,BD,22.97,90.23,85.78,67,30,9.22
2191562,Dunedin,NZ,-45.87,170.5,46.63,77,0,3.83
2088122,Port Moresby,PG,-9.44,147.18,78.8,78,20,21.92
712160,Sadove,UA,46.25,30.18,64.4,45,75,13.42
3408166,Águas Belas,BR,-9.11,-37.12,83.57,52,5,8.72
1491360,Sorsk,RU,54.0,90.25,52.74,79,58,3.33
2181625,Te Anau,NZ,-45.42,167.72,39.58,80,0,1.07
1624494,Brebes,ID,-6.87,109.04,81.0,83,0,5.3
4031742,Egvekinot,RU,66.32,-179.17,23.56,96,2,14.9
6096551,Pangnirtung,CA,66.15,-65.71,32.0,81,5,8.05
1268008,Kanniyākumāri,IN,8.08,77.57,84.72,80,100,21.7
1733023,Kuala Lipis,MY,4.18,102.05,76.98,95,98,1.39
1849892,Tottori-shi,JP,35.5,134.23,63.99,90,100,0.85
3573374,The Valley,AI,18.22,-63.06,81.34,66,6,11.01
1650434,Bambanglipuro,ID,-7.95,110.28,79.92,83,84,14.58
2015545,Tarbagatay,RU,51.48,107.36,50.0,43,20,6.71
2020121,Mayya,RU,61.73,130.28,50.0,53,0,6.71
6255012,Flinders,AU,-34.58,150.86,53.87,85,15,1.01
6943832,Riviere-au-Renard,CA,49.0,-64.4,53.6,37,20,4.7
146214,Paphos,CY,34.77,32.42,86.68,65,0,4.7
1735106,George Town,MY,5.41,100.34,82.2,94,20,12.75
3469601,Bocaiúva,BR,-17.11,-43.81,76.82,72,68,2.82
3406263,Barras,BR,-4.24,-42.29,84.99,78,45,2.75
5983720,Iqaluit,CA,63.75,-68.51,32.0,94,20,6.93
3870243,Taltal,CL,-25.4,-70.48,67.41,55,19,6.08
5435464,Pueblo,US,38.25,-104.61,58.24,71,90,4.7
4957320,Bar Harbor,US,44.39,-68.2,47.62,100,90,11.41
935255,Sainte-Marie,RE,-20.9,55.55,70.16,78,90,2.24
5866063,Kenai,US,60.55,-151.26,43.45,81,1,13.87
5380437,Pacific Grove,US,36.62,-121.92,55.74,66,1,6.93
3674676,Mitú,CO,1.2,-70.17,76.48,93,98,1.72
6148373,Sioux Lookout,CA,50.1,-91.92,46.4,70,75,4.7
2022083,Alekseyevsk,RU,57.84,108.35,38.75,74,4,1.59
1493162,Salym,RU,60.06,71.48,56.75,56,36,3.53
1850345,Toba,JP,34.48,136.85,62.01,98,100,1.99
2562247,Marsaxlokk,MT,35.84,14.54,81.73,39,100,13.87
1863997,Fukuechō,JP,32.69,128.84,67.69,87,24,8.61
457714,Madona,LV,56.85,26.22,48.22,76,82,13.58
5710035,West Wendover,US,40.74,-114.07,51.8,43,1,1.14
1071296,Antalaha,MG,-14.9,50.28,77.09,82,0,7.14
6050066,La Ronge,CA,55.1,-105.28,44.6,45,40,5.82
3645213,Coro,VE,11.4,-69.67,87.78,57,70,15.28
3393692,Itarema,BR,-2.92,-39.92,83.32,79,2,8.16
1638352,Lasem,ID,-6.69,111.45,80.19,87,100,6.02
1651103,Atambua,ID,-9.11,124.89,74.32,88,97,5.82
933077,Shakawe,BW,-18.37,21.85,82.06,16,0,7.14
2126710,Beringovskiy,RU,63.05,179.32,28.81,97,99,12.77
5955902,Fort Nelson,CA,58.81,-122.7,48.2,70,75,4.7
2246901,Oussouye,SN,12.48,-16.55,100.4,35,0,4.7
2068655,Katherine,AU,-14.47,132.27,80.6,39,90,10.29
1298987,Pyinmana,MM,19.73,96.22,88.88,31,19,4.79
5838199,Sheridan,US,44.83,-106.92,46.99,81,90,12.75
2159220,Mackay,AU,-21.15,149.2,64.4,93,90,8.05
5850554,Makakilo City,US,21.35,-158.09,71.46,77,1,4.7
6144312,Sept-Îles,CA,50.2,-66.38,48.2,61,75,12.75
3572924,Alice Town,BS,25.72,-79.3,77.41,84,10,19.39
2414055,Youkounkoun,GN,12.53,-13.13,113.88,14,0,2.06
3489657,Lucea,JM,18.45,-78.17,87.06,70,20,4.7
2070998,Geraldton,AU,-28.77,114.6,64.4,82,86,9.17
3421982,Maniitsoq,GL,65.42,-52.9,41.38,80,57,9.84
3347353,Menongue,AO,-14.66,17.69,76.51,30,0,6.71
2745932,Urk,NL,52.66,5.6,56.97,73,97,14.29
2122614,Ekhabi,RU,53.51,142.97,30.15,95,73,6.33
1783988,Mizhou,CN,35.99,119.4,67.57,75,30,1.21
2128975,Nemuro,JP,43.32,145.57,44.47,97,100,6.38
750510,Bolu Province,TR,40.67,31.58,74.46,39,31,6.71
1651810,Airai,TL,-8.93,125.41,61.59,100,92,3.94
3141310,Rørvik,NO,64.86,11.24,38.35,95,100,18.45
934900,Nsoko,SZ,-27.03,31.95,64.4,59,0,5.21
2986626,Plouzané,FR,48.38,-4.62,59.07,62,20,11.41
6137462,Saint-Augustin,CA,51.23,-58.65,38.08,81,50,11.86
3139597,Sistranda,NO,63.73,8.83,39.2,86,75,21.92
3832899,Viedma,AR,-40.81,-63.0,74.89,39,100,28.25
2182867,Sefton,NZ,-43.25,172.67,40.89,93,90,3.36
2165087,Gold Coast,AU,-28.0,153.43,62.04,82,0,10.29
69500,Zabid,YE,14.2,43.32,95.29,42,11,8.66
2185537,Kawhia,NZ,-38.07,174.82,45.93,89,52,6.78
3127460,Burgos,ES,42.34,-3.71,55.38,71,90,13.87
3988327,Ciudad Sabinas Hidalgo,MX,26.5,-100.17,75.43,86,98,2.44
3389822,Salinópolis,BR,-0.61,-47.36,79.52,84,100,11.21
2738381,Lata,PT,40.16,-8.33,78.01,45,50,4.07
3516376,Tamiahua,MX,21.27,-97.45,84.52,78,52,5.44
3838859,Río Gallegos,AR,-51.62,-69.22,39.2,93,75,8.05
2446796,Bilma,NE,18.69,12.92,106.59,6,0,8.08
2068110,Kununurra,AU,-15.77,128.73,69.8,60,100,3.36
1497337,Noril'sk,RU,69.35,88.2,37.4,84,99,29.08
2062276,Roebourne,AU,-20.78,117.13,69.13,25,5,10.38
2630299,Hofn,IS,64.25,-15.21,44.55,57,86,12.33
1214488,Meulaboh,ID,4.14,96.13,80.22,87,91,13.38
3196410,Livno,BA,43.83,17.01,80.6,39,100,3.36
3984997,San Quintín,MX,30.48,-115.95,64.33,79,92,4.43
2522890,Tortolì,IT,39.93,9.66,68.0,56,90,16.11
293842,Kiryat Gat,IL,31.61,34.76,98.01,20,85,3.0
2184707,Wanaka,NZ,-44.7,169.15,36.0,86,0,1.92
2448083,Agadez,NE,19.75,10.25,105.04,6,0,4.41
5493811,Taos,US,36.41,-105.57,54.28,32,1,3.36
5101798,Newark,US,40.74,-74.17,68.59,46,75,18.34
6149996,Smithers,CA,54.78,-127.17,39.2,100,75,0.94
2820693,Tuttlingen,DE,47.98,8.82,64.0,44,4,5.01
3446922,Tapejara,BR,-28.07,-52.01,61.38,53,0,3.0
1487332,Verkhnyaya Inta,RU,65.98,60.31,39.42,82,100,5.59
5364271,Laguna,US,38.42,-121.42,59.38,62,1,5.82
1701054,Marawi,PH,8.0,124.29,80.01,92,100,7.0
5392171,San Jose,US,37.34,-121.89,56.37,62,75,3.36
1508802,Brodokalmak,RU,55.57,62.08,64.4,45,40,8.95
2392087,Porto-Novo,BJ,6.5,2.6,89.6,70,40,11.41
710716,Chornobay,UA,49.67,32.32,58.78,66,2,13.71
86049,Jalu,LY,29.03,21.55,101.07,8,0,11.21
2139521,Noumea,NC,-22.28,166.46,70.5,77,95,2.24
2065594,Mount Isa,AU,-20.73,139.5,75.2,27,75,9.17
1263678,Mankāchar,IN,25.53,89.87,86.61,52,29,8.59
5919850,Chapais,CA,49.78,-74.85,50.0,46,90,10.29
1640902,Kawalu,ID,-7.38,108.21,74.73,92,80,1.32
1626703,Soe,ID,-9.86,124.28,68.2,100,62,4.45
1024312,Mocuba,MZ,-16.84,36.99,71.02,66,0,5.88
3469989,Birigui,BR,-21.29,-50.34,74.34,62,0,4.29
2123979,Kuril'sk,RU,45.23,147.88,41.04,91,100,10.13
3126369,Carballo,ES,43.21,-8.69,66.81,49,0,13.87
525426,Sobolevo,RU,54.43,31.9,53.2,65,12,16.75
3419842,Sisimiut,GL,66.94,-53.67,44.85,60,0,15.84
3448828,São Joaquim,BR,-28.29,-49.93,57.52,46,0,4.68
3451478,Riachão das Neves,BR,-11.75,-44.91,88.07,51,43,3.33
3836873,San Miguel de Tucumán,AR,-26.82,-65.22,68.0,49,0,10.29
2157373,Mittagong,AU,-34.45,150.45,51.96,94,5,1.99
3191648,Zlobin,HR,45.29,14.65,65.16,52,20,4.7
2155742,Narrabri,AU,-30.32,149.78,54.19,71,25,11.41
1185254,Chhātak,BD,25.03,91.67,82.06,66,8,5.39
2031405,Erdenet,MN,49.03,104.08,36.21,71,0,7.16
3837213,San Juan,AR,-31.54,-68.54,73.89,20,0,3.27
2377457,Nouadhibou,MR,20.93,-17.03,87.8,23,0,20.8
1270926,Gorakhpur,IN,29.45,75.68,95.99,19,2,8.55
2036892,Hohhot,CN,40.81,111.65,55.4,16,94,11.18
4219934,Roswell,US,34.02,-84.36,73.72,73,1,3.36
6620339,Karratha,AU,-20.74,116.85,68.61,31,13,9.78
1648636,Bitung,ID,1.45,125.18,80.6,83,20,2.24
4760059,Fredericksburg,US,38.3,-77.46,77.83,57,1,12.75
2450173,Taoudenni,ML,22.68,-3.98,94.66,12,0,12.77
2618795,Klaksvík,FO,62.23,-6.59,42.8,56,100,24.16
2119626,Yagodnoye,RU,62.55,149.67,25.75,95,97,3.2
361058,Alexandria,EG,31.22,29.96,89.6,29,89,13.87
2174444,Bowen,AU,-20.02,148.23,63.46,82,95,8.05
3470871,Barão de Melgaço,BR,-16.19,-55.97,75.2,64,22,8.05
3583446,San Miguel,SV,13.48,-88.18,84.2,74,9,3.36
3731095,Aquin,HT,18.28,-73.4,83.52,67,17,13.96
2457161,Gao,ML,16.64,1.64,109.17,10,99,7.52
364933,Umm Kaddadah,SD,13.6,26.69,104.23,10,0,7.81
5935341,Dauphin,CA,51.15,-100.05,48.2,45,1,5.82
4362001,Mayo,US,38.89,-76.51,72.5,78,1,12.75
4019152,Aguililla,MX,18.73,-102.73,81.01,24,0,3.36
4013679,Coahuayana Viejo,MX,18.73,-103.68,75.2,31,5,0.89
4033077,Vaitape,PF,-16.52,-151.75,82.74,76,34,8.7
1729469,Baculin,PH,7.45,126.58,80.33,80,100,2.06
2146219,Hervey Bay,AU,-25.3,152.85,63.0,91,7,5.99
1256486,Shirgaon,IN,19.7,72.7,83.52,80,0,11.5
5859699,College,US,64.86,-147.8,40.8,52,75,6.93
6094817,Ottawa,CA,45.41,-75.7,56.1,66,75,13.87
1490796,Strezhevoy,RU,60.73,77.59,57.2,54,65,6.71
1633034,Palu,ID,-0.89,119.87,78.58,80,67,2.62
2019945,Mishelevka,RU,52.86,103.17,44.76,55,89,0.38
1244926,Hambantota,LK,6.12,81.12,83.37,77,100,18.03
1166073,Sarai Alamgir,PK,32.9,73.76,89.6,38,20,6.93
3981432,Todos Santos,MX,23.45,-110.22,76.95,66,0,1.99
1634614,Nabire,ID,-3.37,135.48,77.83,88,93,3.38
2289049,Ferkessédougou,CI,9.6,-5.2,102.72,29,93,2.28
1054329,Vangaindrano,MG,-23.35,47.6,68.9,88,11,5.7
2012780,Zabaykal'sk,RU,49.63,117.32,50.04,93,100,13.04
6316343,Alta Floresta,BR,-9.88,-56.09,82.26,72,17,5.61
3402648,Carutapera,BR,-1.2,-46.02,74.05,96,100,3.98
3421765,Nanortalik,GL,60.14,-45.24,40.33,80,99,7.52
3902377,La Santisima Trinidad,BO,-14.83,-64.9,75.2,64,1,9.17
2122104,Petropavlovsk-Kamchatskiy,RU,53.05,158.65,35.6,78,96,2.24
1502422,Kosh-Agach,RU,50.0,88.67,50.88,63,100,1.59
2409215,Mattru,SL,7.62,-11.83,90.32,60,93,5.26
1795857,Shaowu,CN,27.34,117.48,72.46,90,99,1.12
3698359,Chicama,PE,-7.84,-79.15,73.17,69,97,7.43
2654970,Brae,GB,60.4,-1.35,46.4,74,100,26.4
1175012,Kandiari,PK,26.92,68.52,98.49,9,3,10.49
575410,Boksitogorsk,RU,59.47,33.85,46.71,79,98,9.91
1684245,Tagusao,PH,9.19,117.81,83.25,76,26,4.85
1855540,Naze,JP,28.37,129.48,75.2,100,75,5.82
905395,Mufulira,ZM,-12.55,28.24,73.36,50,0,4.34
157429,Kilindoni,TZ,-7.91,39.67,79.75,71,13,14.7
1485528,Zalesovo,RU,53.99,84.74,60.26,65,21,7.52
3936088,Lluta,PE,-16.01,-72.01,68.0,9,0,3.36
1067565,Beloha,MG,-25.17,45.05,65.86,67,1,6.78
2281951,Sassandra,CI,4.95,-6.08,84.72,76,90,8.21
2012956,Yerbogachën,RU,61.28,108.01,39.58,82,66,3.76
1253237,Verāval,IN,20.9,70.37,84.25,74,0,17.94
2633982,Wick,GB,58.43,-3.08,48.2,87,98,18.34
342711,Barentu,ER,15.11,37.59,92.66,22,97,8.32
1637001,Biak,ID,-0.91,122.88,79.72,80,92,5.19
4946620,Palmer,US,42.16,-72.33,64.49,48,40,17.22
2641557,Newton Abbot,GB,50.53,-3.61,61.23,44,89,8.99
3894426,Coyhaique,CL,-45.58,-72.07,48.2,81,75,5.82
2033536,Yakeshi,CN,49.28,120.73,56.82,67,86,11.32
6118158,Red Deer,CA,52.27,-113.8,46.4,70,75,9.17
964406,Port Shepstone,ZA,-30.74,30.45,65.48,59,0,6.38
934479,Grand Gaube,MU,-20.01,57.66,75.99,74,2,1.01
2094746,Kandrian,PG,-6.22,149.55,79.57,88,100,10.13
1254709,Tezu,IN,27.92,96.17,77.9,60,99,4.18
3412093,Vestmannaeyjar,IS,63.44,-20.27,46.4,58,0,5.82
4891382,Evanston,US,42.04,-87.69,55.13,67,75,9.17
3385850,Uiraúna,BR,-6.52,-38.41,82.36,72,56,7.2
2152659,Port Macquarie,AU,-31.43,152.92,54.5,99,83,7.67
3351663,Benguela,AO,-12.58,13.41,86.0,70,0,9.17
3013633,Arrondissement du Havre,FR,49.58,0.33,58.71,76,72,11.41
687726,Zaozyornoye,UA,45.16,33.28,62.82,61,62,12.91
